IR,RED,Heart Rate,Respiration Rate,SPO2
217148,232113,49.1803,15.9574,99.9433
217113,232098,69.7674,15.1515,99.1408
217115,232185,62.5,15.4639,94.8616
217176,232221,55.5556,15.625,97.3448
217163,232264,58.8235,15.544,94.8456
217100,232142,66.6667,15.3061,94.952
217129,231967,62.5,15.873,99.1317
217054,231750,60,15.544,94.8753
216911,231440,55.5556,14.8515,97.3124
216887,231262,62.5,15.3061,97.1228
216798,231049,60,15.0754,94.8548
216691,230883,56.6038,15.2284,95.0077
216688,230678,53.5714,15.3846,92.5742
216706,230543,57.6923,15.7068,95.0314
216550,230409,56.6038,15.3846,99.5007
216551,230266,61.2245,15.544,94.8929
216593,230181,60,15.625,99.4705
216528,230154,57.6923,15.625,97.1015
216620,230172,56.6038,15.3846,91.6717
216554,230176,58.8235,15.625,97.4396
216644,230166,57.6923,15.2284,98.889
216569,230142,65.2174,15.625,98.6873
216667,230159,63.8298,,98.7602
216575,230147,60,,98.7737
216681,230116,53.5714,,99.7659
216580,230153,54.5455,,99.2074
216748,230184,65.2174,,95.1532
216583,230238,55.5556,,96.2167
216733,230223,68.1818,,99.8237
216619,230212,500,,93.6658
216704,230280,62.5,,96.211
216598,230368,57.6923,,99.5926
216727,230384,56.6038,,95.0211
216769,230410,60,,99.7699
216705,230475,51.7241,,99.1108
216852,230499,58.8235,,83.7974
216758,230558,56.6038,,90.1037
216781,230687,61.2245,,92.485
216941,230641,65.2174,,94.9554
216772,230686,56.6038,,96.636
216864,230740,61.2245,,
217015,230767,54.5455,,
216866,230845,57.6923,,
216905,230981,56.6038,,
217078,230917,54.5455,,
216921,230996,56.6038,,
216950,231033,58.8235,,
217132,231075,54.5455,,
217018,231146,56.6038,,
217009,231293,56.6038,,
217194,231169,56.6038,,
217070,231300,60,,
217077,231459,58.8235,,
217244,231344,62.5,,
217160,231393,62.5,,
217088,231373,65.2174,,
217190,230977,61.2245,,
216949,230756,65.2174,,
216847,230562,61.2245,,
216906,230243,60,,
216692,230035,62.5,,
216617,229903,68.1818,,
216723,229625,75,,
216567,229493,81.0811,,
216470,229460,73.1707,,
216619,229189,75,,
216411,229190,66.6667,,
216489,229139,73.1707,,
216434,229163,71.4286,,
216505,229126,75,,
216468,229217,71.4286,,
216513,229177,65.2174,,
216468,229188,65.2174,,
216533,229153,60,,
216480,229200,65.2174,,
216552,229224,65.2174,,
216519,229241,68.1818,,
216566,229253,61.2245,,
216669,229268,61.2245,,
216511,229437,71.4286,,
216754,229378,66.6667,,
216605,229425,60,,
216694,229428,63.8298,,
216626,229538,61.2245,,
216695,229547,54.5455,,
216838,229652,53.5714,,
216692,229661,51.7241,,
216800,229739,,,
216743,229719,,,
216796,229819,,,
216865,229880,,,
216837,229898,,,
216892,230025,,,
216946,230058,,,
216887,230047,,,
216948,230173,,,
217017,230233,,,
216952,230230,,,
217002,230355,,,
217077,230413,,,
217001,230433,,,
217054,230510,,,
217120,230596,,,
217085,230582,,,
217059,230674,,,
217133,230640,,,
217069,230496,,,
216941,230183,,,
216934,229955,,,
216828,229725,,,
216694,229380,,,
216707,229262,,,
216622,229105,,,
216545,228848,,,
216554,228758,,,
216483,228644,,,
216418,228569,,,
216493,228467,,,
216463,228536,,,
216516,228572,,,
216468,228617,,,
216537,228629,,,
216459,228636,,,
216564,228627,,,
216487,228645,,,
216578,228615,,,
216477,228722,,,
216618,228721,,,
216610,228764,,,
216603,228772,,,
216811,228866,,,
216599,228945,,,
216784,228990,,,
216666,229067,,,
216738,229088,,,
216799,229160,,,
216710,229233,,,
216859,229253,,,
216805,229285,,,
216836,229465,,,
216960,229397,,,
216878,229485,,,
216839,229665,,,
217059,229635,,,
216887,229719,,,
216946,229880,,,
217124,229786,,,
217029,229907,,,
217007,230051,,,
217172,230013,,,
217039,230095,,,
217067,230263,,,
217247,230205,,,
217125,230279,,,
217164,230394,,,
217255,230372,,,
217136,230188,,,
217129,230011,,,
217057,229743,,,
216915,229381,,,
216876,229237,,,
216835,228961,,,
216699,228834,,,
216675,228731,,,
216716,228556,,,
216580,228347,,,
216550,228347,,,
216612,228318,,,
216506,228344,,,
216637,228358,,,
216563,228404,,,
216665,228406,,,
216569,228436,,,
216673,228407,,,
216570,228433,,,
216669,228461,,,
216613,228471,,,
216683,228562,,,
216624,228596,,,
216719,228662,,,
216778,228655,,,
216667,228862,,,
216893,228801,,,
216741,228860,,,
216841,228940,,,
216813,228981,,,
216831,229177,,,
217004,229095,,,
216891,229190,,,
216899,229179,,,
216956,229288,,,
216910,229338,,,
216965,229405,,,
217014,229464,,,
216948,229565,,,
217030,229590,,,
217113,229660,,,
217003,229737,,,
217086,229757,,,
217192,229884,,,
217092,229979,,,
217173,229964,,,
217299,230086,,,
217138,230081,,,
217189,229972,,,
217271,229715,,,
217062,229480,,,
216936,229328,,,
217012,228941,,,
216823,228755,,,
216732,228584,,,
216855,228414,,,
216640,228307,,,
216606,228291,,,
216738,228070,,,
216591,228087,,,
216632,228090,,,
216625,228166,,,
216673,228208,,,
216599,228232,,,
216668,228238,,,
216652,228275,,,
216695,228259,,,
216639,228253,,,
216721,228317,,,
216687,228341,,,
216743,228367,,,
216854,228418,,,
216682,228588,,,
216915,228570,,,
216803,228569,,,
216876,228698,,,
216847,228707,,,
216862,228899,,,
217043,228843,,,
216898,228940,,,
216925,228916,,,
217052,229007,,,
216913,229106,,,
216981,229067,,,
217126,229203,,,
216952,229297,,,
217048,229269,,,
217157,229393,,,
217004,229465,,,
217100,229506,,,
217281,229607,,,
217160,229653,,,
217172,229854,,,
217334,229793,,,
217222,229859,,,
217224,229903,,,
217375,229896,,,
217166,229731,,,
217123,229577,,,
217193,229128,,,
216970,228879,,,
216860,228750,,,
216946,228399,,,
216774,228265,,,
216671,228232,,,
216783,227915,,,
216623,227818,,,
216555,227810,,,
216660,227691,,,
216483,227799,,,
216705,227751,,,
216494,227854,,,
216723,227793,,,
216535,227862,,,
216711,227840,,,
216560,227890,,,
216729,227857,,,
216617,227927,,,
216718,227921,,,
216653,227974,,,
216718,228046,,,
216672,228082,,,
216750,228130,,,
216844,228123,,,
216706,228363,,,
216930,228328,,,
216785,228410,,,
216861,228448,,,
216902,228520,,,
216872,228564,,,
216960,228664,,,
216942,228643,,,
216996,228800,,,
217046,228775,,,
217045,228921,,,
217006,229044,,,
217155,228999,,,
217094,229127,,,
217052,229291,,,
217218,229261,,,
217138,229313,,,
217101,229492,,,
217291,229480,,,
217103,229587,,,
217218,229586,,,
217326,229632,,,
217154,229566,,,
217158,229338,,,
217117,229155,,,
216943,228874,,,
216955,228713,,,
216904,228518,,,
216778,228370,,,
216805,228285,,,
216749,228115,,,
216679,228064,,,
216721,228008,,,
216583,227984,,,
216671,228021,,,
216572,228076,,,
216705,228118,,,
216579,228136,,,
216717,228159,,,
216584,228148,,,
216711,228188,,,
216590,228226,,,
216710,228216,,,
216755,228237,,,
216712,228464,,,
216876,228387,,,
216727,228435,,,
216812,228466,,,
216790,228540,,,
216825,228629,,,
216810,228636,,,
216787,228869,,,
216996,228826,,,
216859,228913,,,
216886,228934,,,
216964,229007,,,
216956,229018,,,
216968,229122,,,
216991,229210,,,
216951,229226,,,
217040,229338,,,
217051,229437,,,
217007,229482,,,
217105,229526,,,
217112,229605,,,
217068,229617,,,
217168,229737,,,
217194,229815,,,
217144,229899,,,
217204,229905,,,
217335,229986,,,
217133,230006,,,
217200,229828,,,
217239,229659,,,
217041,229492,,,
217013,229248,,,
217098,229156,,,
216890,229046,,,
216864,229033,,,
216984,228808,,,
216834,228733,,,
216745,228781,,,
216910,228627,,,
216654,228734,,,
216906,228691,,,
216627,228833,,,
216945,228768,,,
216684,228869,,,
216968,228776,,,
216666,228896,,,
216939,228806,,,
216700,228943,,,
216915,228877,,,
216765,228910,,,
216884,228913,,,
216828,229023,,,
216886,229046,,,
216832,229099,,,
216885,229112,,,
216989,229216,,,
216883,229224,,,
216958,229322,,,
216919,229356,,,
216944,229418,,,
217109,229489,,,
216897,229542,,,
216993,229592,,,
217184,229655,,,
216995,229731,,,
217067,229752,,,
217234,229839,,,
217030,229933,,,
217132,229891,,,
217301,229998,,,
217137,230078,,,
217188,230243,,,
217346,230209,,,
217132,230295,,,
217260,230239,,,
217383,230356,,,
217203,230332,,,
217225,230099,,,
217297,229983,,,
217064,229812,,,
217040,229599,,,
217098,229515,,,
216896,229358,,,
216934,229274,,,
216928,229207,,,
216806,229058,,,
216864,229023,,,
216797,229002,,,
216809,229031,,,
216791,229067,,,
216837,229087,,,
216846,229114,,,
216843,229099,,,
216819,229114,,,
216821,229106,,,
216848,229122,,,
216831,229089,,,
216980,229215,,,
216792,229262,,,
216946,229258,,,
216846,229294,,,
216915,229303,,,
216844,229396,,,
216898,229421,,,
216998,229485,,,
216897,229565,,,
217069,229553,,,
216857,229601,,,
216950,229653,,,
217104,229683,,,
216903,229763,,,
216984,229754,,,
217164,229827,,,
216959,229910,,,
217061,229901,,,
217215,229981,,,
217057,230058,,,
217103,230209,,,
217290,230112,,,
217171,230199,,,
217162,230357,,,
217328,230251,,,
217235,230365,,,
217200,230475,,,
217344,230277,,,
217167,230110,,,
217074,230023,,,
217153,229716,,,
216931,229583,,,
216898,229521,,,
216988,229310,,,
216858,229199,,,
216765,229206,,,
216896,228950,,,
216748,228923,,,
216718,228902,,,
216748,228894,,,
216708,228931,,,
216759,228938,,,
216719,228946,,,
216762,228938,,,
216709,228904,,,
216724,228907,,,
216710,228943,,,
216755,228901,,,
216634,229083,,,
216848,229004,,,
216687,229006,,,
216752,229046,,,
216671,229145,,,
216776,229150,,,
216775,229186,,,
216779,229318,,,
216930,229253,,,
216781,229307,,,
216792,229292,,,
216954,229373,,,
216781,229451,,,
216860,229432,,,
217017,229506,,,
216836,229566,,,
216884,229746,,,
217069,229643,,,
216916,229714,,,
216956,229870,,,
217118,229769,,,
216996,229834,,,
216980,229948,,,
217128,229938,,,
217013,229954,,,
217064,230081,,,
217173,230042,,,
217060,229987,,,
216995,229952,,,
217086,229598,,,
216878,229437,,,
216855,229318,,,
216877,229108,,,
216716,228896,,,
216692,228830,,,
216698,228689,,,
216579,228550,,,
216549,228523,,,
216627,228377,,,
216441,228424,,,
216623,228392,,,
216396,228496,,,
216620,228414,,,
216439,228474,,,
216625,228395,,,
216448,228423,,,
216619,228375,,,
216469,228382,,,
216553,228354,,,
216459,228477,,,
216572,228475,,,
216551,228504,,,
216573,228535,,,
216663,228578,,,
216517,228711,,,
216731,228654,,,
216569,228758,,,
216655,228757,,,
216746,228833,,,
216654,228845,,,
216779,228855,,,
216745,228902,,,
216744,229034,,,
216851,229045,,,
216789,229106,,,
216771,229244,,,
216956,229173,,,
216872,229275,,,
216830,229422,,,
216998,229371,,,
216948,229415,,,
216952,229530,,,
217043,229565,,,
216997,229546,,,
217037,229684,,,
217083,229733,,,
217018,229709,,,
217062,229732,,,
217073,229615,,,
216945,229433,,,
216833,229174,,,
216844,229040,,,
216753,228911,,,
216662,228717,,,
216682,228604,,,
216608,228515,,,
216557,228343,,,
216583,228311,,,
216496,228283,,,
216430,228337,,,
216653,228320,,,
216455,228439,,,
216726,228382,,,
216477,228453,,,
216690,228390,,,
216514,228467,,,
216718,228419,,,
216540,228513,,,
216728,228459,,,
216610,228454,,,
216675,228547,,,
216607,228619,,,
216712,228648,,,
216713,228666,,,
216688,228697,,,
216863,228805,,,
216703,228825,,,
216802,228919,,,
216776,228939,,,
216788,229006,,,
216957,229032,,,
216767,229101,,,
216829,229095,,,
216993,229180,,,
216843,229275,,,
216912,229293,,,
217062,229349,,,
216961,229432,,,
216973,229623,,,
217150,229513,,,
217003,229595,,,
217000,229749,,,
217201,229670,,,
217101,229793,,,
217082,229953,,,
217253,229855,,,
217174,229973,,,
217161,230060,,,
217285,229967,,,
217160,229745,,,
217105,229616,,,
217074,229414,,,
216912,229152,,,
216916,229085,,,
216926,228926,,,
216766,228750,,,
216759,228696,,,
216761,228553,,,
216638,228377,,,
216559,228397,,,
216824,228373,,,
216605,228446,,,
216828,228465,,,
216609,228513,,,
216868,228474,,,
216628,228534,,,
216880,228552,,,
216630,228591,,,
216833,228624,,,
216695,228643,,,
216825,228653,,,
216775,228737,,,
216804,228775,,,
216763,228806,,,
216813,228816,,,
216966,228912,,,
216817,229011,,,
216958,228963,,,
216867,229061,,,
216884,229215,,,
217048,229131,,,
216870,229205,,,
216923,229242,,,
217111,229304,,,
216953,229377,,,
217006,229383,,,
217154,229463,,,
216981,229549,,,
217028,229718,,,
217229,229613,,,
217137,229699,,,
217107,229885,,,
217282,229813,,,
217183,229908,,,
217190,229956,,,
217377,230006,,,
217201,230085,,,
217246,230188,,,
217393,229955,,,
217193,229811,,,
217116,229613,,,
217203,229402,,,
217005,229219,,,
216932,229177,,,
217048,228895,,,
216859,228805,,,
216767,228771,,,
216896,228573,,,
216773,228545,,,
216780,228542,,,
216830,228589,,,
216798,228629,,,
216910,228636,,,
216811,228663,,,
216846,228688,,,
216831,228676,,,
216924,228679,,,
216843,228695,,,
216930,228752,,,
216803,228845,,,
216995,228828,,,
216882,228871,,,
216946,228863,,,
216908,229004,,,
216972,229023,,,
217000,229031,,,
216983,229191,,,
217138,229171,,,
216971,229253,,,
217047,229233,,,
217191,229334,,,
217026,229328,,,
217126,229448,,,
217159,229500,,,
217091,229562,,,
217191,229627,,,
217198,229709,,,
217183,229722,,,
217263,229802,,,
217330,229868,,,
217233,229941,,,
217317,229967,,,
217406,230030,,,
217296,230125,,,
217381,230127,,,
217461,230227,,,
217342,230303,,,
217447,230359,,,
217599,230405,,,
217425,230375,,,
217437,230368,,,
217539,230016,,,
217304,229801,,,
217216,229501,,,
217288,229346,,,
217061,229205,,,
217041,229146,,,
217140,228851,,,
217010,228744,,,
216914,228742,,,
217054,228499,,,
216899,228474,,,
216932,228493,,,
216910,228557,,,
216955,228551,,,
216932,228563,,,
216967,228559,,,
216937,228553,,,
216970,228580,,,
216934,228538,,,
216977,228625,,,
216871,228685,,,
217002,228680,,,
217034,228673,,,
216981,228880,,,
217163,228810,,,
216992,228870,,,
217113,228870,,,
217021,228970,,,
217088,228988,,,
217182,229080,,,
217094,229100,,,
217208,229163,,,
217213,229185,,,
217238,229297,,,
217328,229349,,,
217239,229299,,,
217266,229428,,,
217334,229482,,,
217336,229514,,,
217311,229615,,,
217407,229700,,,
217401,229657,,,
217408,229790,,,
217487,229859,,,
217472,229932,,,
217451,229918,,,
217537,230035,,,
217541,230104,,,
217502,230146,,,
217594,230208,,,
217623,230293,,,
217588,230318,,,
217663,230338,,,
217658,230299,,,
217572,230140,,,
217528,229817,,,
217508,229603,,,
217308,229389,,,
217283,229102,,,
217311,228984,,,
217120,228824,,,
217123,228609,,,
217157,228476,,,
216963,228381,,,
217036,228277,,,
216835,228272,,,
217039,228280,,,
216918,228331,,,
217058,228317,,,
216899,228338,,,
217066,228318,,,
216940,228336,,,
217043,228332,,,
216975,228337,,,
217059,228355,,,
217101,228361,,,
217062,228442,,,
217240,228486,,,
217076,228541,,,
217206,228543,,,
217178,228636,,,
217203,228653,,,
217228,228651,,,
217192,228790,,,
217335,228756,,,
217288,228854,,,
217275,228976,,,
217419,228944,,,
217347,229025,,,
217323,229160,,,
217518,229132,,,
217370,229217,,,
217408,229374,,,
217580,229283,,,
217521,229401,,,
217489,229529,,,
217627,229537,,,
217501,229586,,,
217540,229730,,,
217700,229630,,,
217632,229754,,,
217584,229895,,,
217761,229897,,,
217654,229923,,,
217707,230081,,,
217782,230096,,,
217755,230083,,,
217746,230163,,,
217830,229981,,,
217656,229690,,,
217590,229476,,,
217546,229178,,,
217396,228915,,,
217328,228779,,,
217324,228592,,,
217203,228340,,,
217177,228265,,,
217198,228085,,,
217068,227961,,,
217031,227926,,,
217127,227920,,,
217024,227955,,,
217142,227955,,,
217069,227972,,,
217235,227963,,,
217011,227963,,,
217206,227964,,,
216987,228044,,,
217217,228074,,,
217066,228152,,,
217231,228114,,,
217093,228125,,,
217181,228232,,,
217127,228286,,,
217210,228321,,,
217240,228286,,,
217206,228466,,,
217369,228430,,,
217224,228540,,,
217314,228565,,,
217354,228597,,,
217334,228715,,,
217449,228704,,,
217396,228784,,,
217397,228970,,,
217551,228837,,,
217495,228997,,,
217447,229144,,,
217620,229088,,,
217529,229131,,,
217576,229283,,,
217644,229316,,,
217557,229310,,,
217630,229453,,,
217693,229432,,,
217610,229522,,,
217669,229623,,,
217790,229674,,,
217688,229676,,,
217727,229791,,,
217808,229870,,,
217740,229806,,,
217702,229725,,,
217698,229516,,,
217574,229222,,,
217470,228943,,,
217443,228710,,,
217332,228494,,,
217188,228252,,,
217218,228126,,,
217159,227985,,,
217036,227807,,,
217084,227690,,,
217084,227636,,,
217044,227636,,,
217118,227668,,,
217059,227686,,,
217076,227703,,,
217085,227692,,,
217118,227699,,,
217082,227702,,,
217121,227711,,,
217084,227707,,,
217258,227808,,,
217086,227873,,,
217249,227866,,,
217148,227898,,,
217233,227996,,,
217176,228052,,,
217272,228083,,,
217238,228102,,,
217275,228272,,,
217410,228208,,,
217261,228320,,,
217324,228308,,,
217471,228405,,,
217291,228513,,,
217380,228540,,,
217557,228587,,,
217464,228657,,,
217446,228753,,,
217609,228804,,,
217452,228870,,,
217514,228987,,,
217649,228976,,,
217496,229067,,,
217579,229105,,,
217662,229177,,,
217550,229278,,,
217664,229312,,,
217657,229401,,,
217651,229399,,,
217742,229521,,,
217778,229531,,,
217681,229431,,,
217714,229306,,,
217584,228984,,,
217478,228703,,,
217456,228381,,,
217336,228190,,,
217257,228051,,,
217291,227774,,,
217193,227646,,,
217063,227569,,,
217147,227361,,,
217004,227283,,,
217057,227299,,,
217000,227330,,,
217090,227358,,,
217040,227383,,,
217086,227386,,,
217052,227367,,,
217094,227389,,,
217068,227404,,,
217137,227389,,,
217102,227499,,,
217143,227506,,,
217127,227563,,,
217171,227608,,,
217276,227678,,,
217108,227821,,,
217336,227785,,,
217172,227812,,,
217283,227914,,,
217296,227908,,,
217276,228081,,,
217419,228053,,,
217360,228174,,,
217341,228188,,,
217412,228264,,,
217352,228345,,,
217412,228393,,,
217497,228473,,,
217434,228473,,,
217503,228612,,,
217516,228684,,,
217479,228772,,,
217622,228834,,,
217584,228833,,,
217570,228958,,,
217687,229047,,,
217645,229044,,,
217634,229233,,,
217777,229220,,,
217692,229166,,,
217672,229057,,,
217664,228775,,,
217461,228374,,,
217382,228124,,,
217333,227856,,,
217166,227632,,,
217058,227438,,,
217090,227260,,,
216989,227014,,,
216938,226939,,,
216953,226844,,,
216894,226856,,,
216963,226881,,,
216919,226929,,,
217004,226952,,,
216944,226938,,,
217002,226942,,,
216975,226911,,,
217026,226936,,,
216975,226960,,,
217036,226972,,,
216978,227088,,,
217069,227109,,,
217051,227158,,,
217056,227150,,,
217221,227291,,,
217011,227389,,,
217225,227375,,,
217090,227417,,,
217190,227511,,,
217186,227523,,,
217188,227715,,,
217336,227675,,,
217252,227740,,,
217227,227953,,,
217418,227862,,,
217311,227953,,,
217301,228006,,,
217477,228086,,,
217378,228162,,,
217372,228171,,,
217515,228267,,,
217339,228363,,,
217444,228417,,,
217472,228505,,,
217413,228536,,,
217537,228629,,,
217528,228693,,,
217474,228603,,,
217530,228499,,,
217402,228121,,,
217277,227817,,,
217283,227433,,,
217120,227202,,,
217011,226988,,,
217006,226685,,,
216863,226504,,,
216756,226405,,,
216862,226165,,,
216678,226055,,,
216734,226019,,,
216674,226059,,,
216782,226109,,,
216717,226167,,,
216814,226132,,,
216726,226175,,,
216812,226145,,,
216721,226180,,,
216834,226194,,,
216723,226205,,,
216805,226269,,,
216748,226343,,,
216841,226374,,,
216869,226413,,,
216849,226446,,,
216990,226591,,,
216878,226672,,,
216983,226676,,,
216857,226797,,,
216961,226815,,,
216996,226879,,,
216956,226928,,,
217082,227032,,,
217042,227034,,,
217080,227179,,,
217135,227221,,,
217087,227249,,,
217148,227421,,,
217225,227458,,,
217159,227442,,,
217219,227555,,,
217269,227636,,,
217229,227677,,,
217215,227793,,,
217324,227849,,,
217292,227865,,,
217360,227979,,,
217400,228075,,,
217379,228095,,,
217352,228173,,,
217431,228144,,,
217355,227983,,,
217222,227640,,,
217185,227293,,,
217019,226922,,,
216880,226576,,,
216847,226313,,,
216760,226084,,,
216618,225804,,,
216627,225651,,,
216551,225481,,,
216423,225360,,,
216498,225246,,,
216466,225299,,,
216516,225350,,,
216450,225439,,,
216555,225425,,,
216488,225471,,,
216561,225470,,,
216541,225503,,,
216589,225477,,,
216470,225573,,,
216606,225628,,,
216632,225659,,,
216606,225676,,,
216791,225824,,,
216659,225911,,,
216761,225940,,,
216662,226035,,,
216748,226072,,,
216803,226173,,,
216728,226227,,,
216846,226314,,,
216790,226319,,,
216890,226443,,,
216947,226464,,,
216915,226577,,,
216895,226755,,,
217082,226660,,,
216956,226759,,,
217015,226905,,,
217090,226974,,,
217062,226985,,,
217110,227146,,,
217160,227204,,,
217104,227205,,,
217187,227330,,,
217257,227422,,,
217180,227424,,,
217250,227557,,,
217304,227632,,,
217234,227665,,,
217338,227769,,,
217369,227744,,,
217306,227757,,,
217251,227622,,,
217283,227240,,,
217004,226794,,,
216949,226510,,,
216867,226197,,,
216690,225851,,,
216644,225690,,,
216617,225524,,,
216486,225253,,,
216467,225147,,,
216463,225043,,,
216301,225000,,,
216407,225031,,,
216311,225109,,,
216437,225120,,,
216374,225156,,,
216462,225156,,,
216345,225180,,,
216479,225164,,,
216443,225211,,,
216489,225255,,,
216553,225245,,,
216482,225478,,,
216674,225423,,,
216536,225496,,,
216652,225526,,,
216598,225654,,,
216660,225708,,,
216686,225774,,,
216665,225885,,,
216776,225863,,,
216681,226012,,,
216742,226060,,,
216918,226108,,,
216799,226202,,,
216806,226390,,,
216995,226299,,,
216930,226417,,,
216883,226618,,,
217048,226531,,,
216966,226656,,,
216977,226812,,,
217119,226805,,,
217053,226838,,,
217099,226997,,,
217168,227050,,,
217126,227038,,,
217175,227217,,,
217230,227279,,,
217238,227306,,,
217239,227468,,,
217295,227486,,,
217209,227347,,,
217152,227170,,,
217152,226863,,,
216951,226456,,,
216835,226146,,,
216780,225855,,,
216629,225548,,,
216541,225367,,,
216534,225182,,,
216433,224973,,,
216313,224771,,,
216367,224701,,,
216341,224701,,,
216387,224762,,,
216393,224818,,,
216433,224848,,,
216369,224900,,,
216440,224875,,,
216404,224955,,,
216452,224917,,,
216457,225038,,,
216481,225056,,,
216442,225122,,,
216497,225185,,,
216622,225222,,,
216484,225456,,,
216722,225426,,,
216597,225450,,,
216672,225565,,,
216655,225615,,,
216668,225713,,,
216839,225765,,,
216706,225852,,,
216757,225884,,,
216792,225979,,,
216744,226028,,,
216868,226116,,,
216845,226190,,,
216812,226240,,,
216924,226373,,,
216913,226473,,,
216929,226478,,,
217003,226600,,,
217014,226717,,,
216971,226737,,,
217097,226859,,,
217086,226973,,,
217079,226987,,,
217172,227096,,,
217167,227131,,,
217100,227013,,,
217098,226740,,,
216983,226381,,,
216839,225975,,,
216762,225678,,,
216594,225395,,,
216493,225186,,,
216475,224903,,,
216462,224759,,,
216258,224613,,,
216284,224399,,,
216425,224361,,,
216285,224420,,,
216476,224489,,,
216252,224571,,,
216505,224536,,,
216306,224604,,,
216532,224600,,,
216290,224602,,,
216535,224621,,,
216327,224832,,,
216532,224785,,,
216413,224869,,,
216502,224881,,,
216479,225044,,,
216552,225097,,,
216534,225176,,,
216566,225227,,,
216636,225348,,,
216588,225391,,,
216672,225482,,,
216644,225530,,,
216675,225721,,,
216848,225704,,,
216679,225782,,,
216739,225845,,,
216942,225934,,,
216834,226020,,,
216828,226210,,,
217005,226159,,,
216911,226253,,,
216902,226444,,,
217090,226403,,,
216917,226523,,,
216988,226550,,,
217144,226646,,,
217047,226717,,,
217029,226726,,,
217133,226358,,,
216852,226052,,,
216748,225764,,,
216777,225320,,,
216481,225024,,,
216427,224861,,,
216482,224496,,,
216303,224315,,,
216187,224237,,,
216312,223948,,,
216138,223961,,,
216205,223973,,,
216199,224014,,,
216241,224109,,,
216227,224134,,,
216266,224139,,,
216257,224134,,,
216268,224173,,,
216260,224208,,,
216296,224300,,,
216250,224335,,,
216334,224388,,,
216371,224422,,,
216345,224552,,,
216540,224632,,,
216399,224678,,,
216509,224731,,,
216408,224843,,,
216490,224885,,,
216569,224991,,,
216485,225007,,,
216579,225112,,,
216564,225107,,,
216610,225236,,,
216687,225303,,,
216638,225380,,,
216690,225515,,,
216761,225561,,,
216714,225590,,,
216752,225699,,,
216798,225783,,,
216798,225844,,,
216787,225941,,,
216924,225988,,,
216878,226096,,,
216923,226176,,,
216992,226067,,,
216822,225735,,,
216742,225476,,,
216641,225109,,,
216470,224767,,,
216367,224523,,,
216336,224294,,,
216209,224118,,,
216106,223919,,,
216132,223793,,,
216077,223714,,,
215911,223779,,,
216196,223745,,,
215955,223914,,,
216226,223908,,,
216007,224026,,,
216258,223979,,,
216027,224095,,,
216288,224060,,,
216078,224206,,,
216324,224159,,,
216177,224220,,,
216282,224247,,,
216248,224417,,,
216319,224494,,,
216300,224590,,,
216339,224636,,,
216491,224748,,,
216373,224868,,,
216541,224921,,,
216406,225037,,,
216477,225108,,,
216657,225203,,,
216465,225315,,,
216568,225352,,,
216746,225464,,,
216562,225570,,,
216635,225628,,,
216807,225750,,,
216693,225867,,,
216746,226065,,,
216926,225989,,,
216809,226135,,,
216805,226351,,,
217011,226322,,,
216887,226429,,,
216918,226518,,,
217091,226612,,,
216977,226661,,,
216952,226725,,,
217069,226426,,,
216858,226196,,,
216738,225980,,,
216772,225661,,,
216577,225477,,,
216491,225392,,,
216567,225176,,,
216402,225027,,,
216358,224957,,,
216376,224871,,,
216197,224846,,,
216279,224869,,,
216199,224967,,,
216322,225028,,,
216219,225086,,,
216353,225104,,,
216238,225161,,,
216350,225176,,,
216266,225234,,,
216382,225271,,,
216359,225342,,,
216396,225410,,,
216571,225497,,,
216433,225595,,,
216570,225642,,,
216458,225731,,,
216539,225821,,,
216510,225863,,,
216537,226078,,,
216724,226025,,,
216571,226120,,,
216642,226159,,,
216637,226260,,,
216626,226291,,,
216705,226420,,,
216722,226506,,,
216710,226545,,,
216783,226653,,,
216759,226738,,,
216771,226756,,,
216868,226904,,,
216868,227011,,,
216840,227061,,,
216925,227156,,,
216949,227235,,,
216884,227308,,,
216981,227404,,,
217077,227472,,,
216951,227592,,,
217056,227594,,,
217225,227645,,,
217002,227602,,,
217008,227389,,,
217062,227191,,,
216816,227033,,,
216784,226864,,,
216901,226780,,,
216703,226698,,,
216650,226714,,,
216776,226472,,,
216599,226452,,,
216550,226506,,,
216698,226432,,,
216451,226561,,,
216697,226524,,,
216480,226664,,,
216712,226594,,,
216481,226688,,,
216693,226644,,,
216539,226736,,,
216729,226701,,,
216572,226756,,,
216686,226790,,,
216613,226792,,,
216672,226919,,,
216602,226978,,,
216692,227008,,,
216744,227017,,,
216677,227147,,,
216857,227211,,,
216690,227297,,,
216779,227345,,,
216803,227338,,,
216793,227553,,,
216938,227526,,,
216866,227583,,,
216849,227785,,,
217035,227681,,,
216931,227804,,,
216920,227975,,,
217084,227928,,,
216987,228042,,,
217016,228176,,,
217163,228175,,,
217052,228227,,,
217118,228360,,,
217201,228396,,,
217148,228403,,,
217175,228536,,,
217252,228611,,,
217206,228688,,,
217188,228717,,,
217258,228699,,,
217200,228482,,,
217112,228385,,,
217108,228234,,,
217028,228162,,,
216932,227985,,,
216989,227980,,,
216935,227937,,,
216887,227835,,,
216916,227833,,,
216856,227762,,,
216759,227911,,,
217010,227838,,,
216770,227986,,,
217050,227921,,,
216800,227963,,,
217047,228008,,,
216791,227981,,,
217053,227988,,,
216787,228063,,,
217016,228091,,,
216885,228124,,,
216977,228152,,,
216903,228229,,,
216954,228244,,,
216915,228310,,,
216951,228341,,,
217019,228361,,,
216951,228485,,,
217066,228437,,,
216964,228550,,,
217009,228683,,,
217164,228622,,,
216919,228712,,,
217043,228683,,,
217200,228774,,,
217016,228863,,,
217074,228851,,,
217240,228949,,,
217070,229030,,,
217141,229029,,,
217258,229117,,,
217118,229189,,,
217199,229235,,,
217379,229283,,,
217261,229354,,,
217256,229536,,,
217424,229459,,,
217297,229528,,,
217279,229610,,,
217426,229382,,,
217218,229219,,,
217184,229075,,,
217247,228968,,,
217083,228894,,,
217056,228791,,,
217131,228775,,,
216939,228756,,,
217001,228683,,,
217000,228630,,,
216886,228703,,,
217054,228685,,,
216959,228779,,,
217068,228783,,,
216990,228829,,,
217060,228811,,,
216933,228819,,,
217036,228812,,,
216964,228858,,,
217051,228861,,,
216974,228851,,,
217026,228932,,,
216903,228954,,,
217023,228987,,,
217047,229017,,,
217001,229055,,,
217145,229136,,,
216987,229153,,,
217075,229207,,,
217041,229243,,,
217055,229419,,,
217215,229322,,,
217018,229383,,,
217085,229415,,,
217226,229435,,,
217074,229522,,,
217132,229678,,,
217305,229597,,,
217206,229665,,,
217165,229822,,,
217346,229705,,,
217197,229818,,,
217222,229983,,,
217394,229913,,,
217229,229986,,,
217300,229977,,,
217374,230059,,,
217288,230053,,,
217346,230147,,,
217386,230125,,,
217276,229998,,,
217292,229899,,,
217238,229753,,,
217126,229626,,,
217150,229522,,,
217093,229430,,,
217006,229404,,,
217095,229337,,,
217001,229253,,,
216939,229220,,,
217026,229170,,,
216831,229187,,,
216954,229192,,,
216889,229240,,,
216963,229246,,,
216917,229266,,,
216935,229249,,,
216835,229264,,,
216927,229254,,,
216848,229295,,,
216921,229273,,,
216855,229304,,,
216888,229283,,,
217036,229363,,,
216843,229437,,,
216996,229415,,,
216847,229443,,,
216947,229503,,,
216931,229528,,,
216899,229672,,,
217081,229583,,,
216907,229660,,,
216969,229650,,,
217051,229715,,,
216895,229779,,,
216993,229746,,,
217129,229837,,,
216988,229894,,,
217020,230042,,,
217208,229987,,,
217023,230028,,,
217063,230052,,,
217240,230110,,,
217023,230176,,,
217109,230175,,,
217265,230236,,,
217110,230316,,,
217155,230473,,,
217324,230365,,,
217240,230441,,,
217182,230533,,,
217293,230291,,,
217157,230151,,,
217059,229945,,,
217163,229860,,,
216906,229760,,,
216916,229598,,,
216990,229558,,,
216811,229481,,,
216831,229353,,,
216771,229292,,,
216692,229151,,,
216760,229134,,,
216688,229177,,,
216754,229140,,,
216703,229208,,,
216740,229171,,,
216677,229178,,,
216717,229161,,,
216644,229172,,,
216711,229158,,,
216623,229171,,,
216724,229156,,,
216712,229152,,,
216700,229210,,,
216860,229264,,,
216690,229322,,,
216834,229286,,,
216728,229325,,,
216769,229363,,,
216774,229339,,,
216761,229508,,,
216896,229453,,,
216736,229505,,,
216804,229545,,,
216963,229561,,,
216859,229608,,,
216844,229766,,,
217006,229687,,,
216854,229745,,,
216890,229720,,,
217038,229816,,,
216862,229892,,,
216927,229873,,,
217104,229962,,,
216905,230022,,,
216989,230184,,,
217157,230089,,,
216985,230179,,,
217054,230167,,,
217224,230253,,,
217055,230337,,,
217113,230304,,,
217234,230311,,,
217059,230198,,,
217063,230003,,,
217015,229812,,,
216890,229583,,,
216866,229480,,,
216778,229352,,,
216678,229193,,,
216688,229014,,,
216650,228898,,,
216566,228805,,,
216549,228689,,,
216577,228670,,,
216558,228655,,,
216575,228670,,,
216564,228672,,,
216586,228672,,,
216549,228653,,,
216585,228638,,,
216554,228622,,,
216582,228628,,,
216553,228633,,,
216728,228678,,,
216520,228734,,,
216695,228682,,,
216566,228668,,,
216634,228755,,,
216575,228800,,,
216616,228750,,,
216717,228831,,,
216642,228869,,,
216686,228895,,,
216683,228931,,,
216669,228944,,,
216759,228974,,,
216712,229006,,,
216753,229100,,,
216855,229125,,,
216752,229069,,,
216821,229211,,,
216885,229258,,,
216815,229258,,,
216825,229331,,,
216911,229371,,,
216863,229395,,,
216855,229433,,,
216942,229503,,,
216942,229582,,,
216934,229585,,,
217006,229641,,,
217039,229717,,,
216958,229741,,,
217056,229800,,,
217037,229781,,,
216963,229557,,,
216962,229411,,,
216920,229215,,,
216789,229004,,,
216739,228774,,,
216690,228614,,,
216591,228462,,,
216550,228263,,,
216498,228155,,,
216412,228039,,,
216455,227946,,,
216372,227932,,,
216445,227928,,,
216354,227944,,,
216448,227946,,,
216315,227950,,,
216447,227924,,,
216301,227919,,,
216435,227888,,,
216377,227875,,,
216418,227902,,,
216492,227894,,,
216343,228053,,,
216564,227974,,,
216408,228011,,,
216535,227987,,,
216469,228110,,,
216522,228117,,,
216589,228184,,,
216516,228231,,,
216650,228215,,,
216599,228278,,,
216597,228354,,,
216723,228278,,,
216680,228401,,,
216646,228494,,,
216783,228490,,,
216710,228510,,,
216749,228631,,,
216859,228623,,,
216766,228700,,,
216798,228783,,,
216922,228828,,,
216839,228818,,,
216882,228910,,,
216949,228978,,,
216889,228951,,,
216924,229042,,,
217037,229148,,,
216979,229106,,,
217015,229225,,,
217078,229288,,,
217031,229324,,,
216987,229239,,,
217034,229075,,,
216939,228850,,,
216794,228524,,,
216766,228300,,,
216650,228080,,,
216555,227856,,,
216577,227737,,,
216475,227593,,,
216413,227454,,,
216434,227315,,,
216405,227240,,,
216398,227223,,,
216408,227235,,,
216428,227270,,,
216456,227289,,,
216451,227258,,,
216468,227238,,,
216450,227256,,,
216507,227241,,,
216452,227272,,,
216646,227317,,,
216453,227386,,,
216601,227348,,,
216503,227417,,,
216595,227450,,,
216542,227478,,,
216609,227454,,,
216754,227559,,,
216638,227577,,,
216722,227673,,,
216698,227680,,,
216710,227865,,,
216898,227792,,,
216747,227879,,,
216820,227857,,,
216999,227957,,,
216814,228051,,,
216885,228206,,,
217076,228110,,,
216965,228197,,,
216947,228376,,,
217124,228294,,,
217050,228376,,,
217036,228513,,,
217181,228476,,,
217095,228541,,,
217141,228655,,,
217234,228691,,,
217180,228693,,,
217191,228804,,,
217276,228869,,,
217229,228803,,,
217223,228774,,,
217248,228567,,,
217127,228256,,,
217000,228027,,,
216977,227741,,,
216806,227484,,,
216789,227367,,,
216757,227190,,,
216660,227004,,,
216611,226903,,,
216665,226771,,,
216497,226721,,,
216583,226722,,,
216493,226780,,,
216621,226790,,,
216543,226821,,,
216654,226804,,,
216532,226808,,,
216654,226798,,,
216565,226832,,,
216676,226828,,,
216647,226865,,,
216673,226846,,,
216859,226970,,,
216691,227045,,,
216871,227056,,,
216774,227051,,,
216822,227164,,,
216831,227211,,,
216842,227280,,,
217027,227329,,,
216855,227344,,,
216954,227445,,,
216935,227479,,,
216935,227504,,,
217005,227602,,,
217009,227687,,,
216973,227748,,,
217074,227788,,,
217083,227899,,,
217045,227861,,,
217144,227973,,,
217164,228072,,,
217132,228160,,,
217208,228188,,,
217250,228253,,,
217199,228351,,,
217266,228347,,,
217348,228449,,,
217222,228531,,,
217319,228534,,,
217486,228662,,,
217377,228723,,,
217399,228865,,,
217533,228652,,,
217349,228452,,,
217228,228254,,,
217286,227820,,,
217048,227544,,,
216930,227396,,,
217009,227039,,,
216878,226905,,,
216771,226752,,,
216799,226563,,,
216645,226390,,,
216649,226318,,,
216670,226297,,,
216627,226322,,,
216756,226342,,,
216675,226368,,,
216799,226365,,,
216698,226355,,,
216831,226336,,,
216693,226357,,,
216869,226440,,,
216678,226515,,,
216872,226511,,,
216770,226517,,,
216824,226632,,,
216760,226696,,,
216859,226716,,,
216902,226794,,,
216874,226958,,,
217054,226893,,,
216897,226950,,,
216988,227025,,,
217020,227018,,,
216991,227217,,,
217164,227194,,,
217090,227262,,,
217046,227436,,,
217220,227355,,,
217141,227477,,,
217124,227640,,,
217306,227566,,,
217228,227690,,,
217204,227866,,,
217378,227775,,,
217325,227883,,,
217286,228028,,,
217422,228035,,,
217357,228068,,,
217410,228148,,,
217444,228259,,,
217430,228228,,,
217453,228387,,,
217531,228431,,,
217474,228292,,,
217448,228170,,,
217367,227853,,,
217186,227523,,,
217031,227198,,,
217036,226976,,,
216941,226752,,,
216810,226527,,,
216884,226382,,,
216735,226131,,,
216670,226028,,,
216705,225927,,,
216614,225900,,,
216710,225930,,,
216650,225967,,,
216732,226021,,,
216697,226025,,,
216771,226035,,,
216718,226001,,,
216780,226022,,,
216729,226088,,,
216798,226136,,,
216746,226154,,,
216812,226222,,,
216898,226230,,,
216844,226428,,,
217019,226389,,,
216907,226462,,,
217001,226514,,,
216881,226607,,,
216982,226631,,,
217030,226712,,,
217003,226740,,,
217076,226829,,,
217050,226839,,,
217101,227014,,,
217164,226943,,,
217151,227087,,,
217141,227226,,,
217278,227261,,,
217219,227265,,,
217249,227383,,,
217332,227464,,,
217237,227510,,,
217285,227652,,,
217448,227627,,,
217351,227717,,,
217367,227848,,,
217489,227904,,,
217401,227903,,,
217471,228038,,,
217525,228098,,,
217488,228139,,,
217430,228029,,,
217439,227833,,,
217294,227504,,,
217130,227123,,,
217088,226844,,,
216973,226585,,,
216850,226373,,,
216838,226128,,,
216832,225945,,,
216685,225807,,,
216677,225606,,,
216687,225531,,,
216631,225513,,,
216724,225545,,,
216664,225595,,,
216806,225607,,,
216705,225618,,,
216885,225620,,,
216683,225627,,,
216892,225656,,,
216710,225830,,,
216885,225779,,,
216763,225820,,,
216853,225811,,,
216770,225971,,,
216876,226010,,,
216872,226072,,,
216903,226138,,,
216963,226211,,,
216899,226258,,,
217028,226351,,,
216982,226387,,,
216993,226436,,,
217171,226538,,,
216959,226624,,,
217080,226621,,,
217222,226732,,,
217093,226825,,,
217143,226824,,,
217326,226948,,,
217112,227051,,,
217221,227049,,,
217336,227171,,,
217170,227264,,,
217290,227321,,,
217453,227370,,,
217342,227465,,,
217341,227653,,,
217541,227579,,,
217459,227614,,,
217377,227604,,,
217451,227188,,,
217236,226878,,,
217099,226638,,,
217104,226231,,,
216912,225956,,,
216857,225789,,,
216829,225581,,,
216692,225360,,,
216684,225282,,,
216714,225181,,,
216584,225214,,,
216702,225204,,,
216650,225317,,,
216773,225314,,,
216695,225339,,,
216762,225324,,,
216709,225400,,,
216810,225359,,,
216695,225385,,,
216771,225394,,,
216750,225511,,,
216821,225542,,,
216813,225627,,,
216813,225659,,,
217006,225749,,,
216826,225880,,,
217009,225888,,,
216867,225981,,,
216972,226012,,,
217030,226083,,,
217003,226192,,,
217110,226195,,,
217051,226272,,,
217087,226416,,,
217184,226379,,,
217147,226501,,,
217091,226677,,,
217280,226581,,,
217208,226727,,,
217182,226876,,,
217343,226857,,,
217279,226914,,,
217306,227084,,,
217429,227124,,,
217349,227120,,,
217424,227234,,,
217454,227175,,,
217338,226892,,,
217242,226629,,,
217151,226246,,,
216977,225905,,,
216840,225515,,,
216803,225298,,,
216730,225119,,,
216603,224873,,,
216591,224688,,,
216537,224580,,,
216401,224580,,,
216629,224499,,,
216412,224643,,,
216661,224635,,,
216480,224732,,,
216714,224681,,,
216548,224756,,,
216741,224712,,,
216541,224782,,,
216747,224790,,,
216619,224806,,,
216731,224805,,,
216649,224988,,,
216758,225005,,,
216723,225107,,,
216784,225120,,,
216955,225235,,,
216784,225309,,,
216919,225361,,,
216837,225456,,,
216864,225624,,,
217060,225594,,,
216935,225647,,,
216974,225747,,,
217008,225817,,,
216948,225916,,,
217064,225975,,,
217109,226061,,,
217052,226099,,,
217151,226206,,,
217167,226293,,,
217146,226398,,,
217204,226401,,,
217345,226527,,,
217178,226618,,,
217272,226684,,,
217425,226744,,,
217311,226860,,,
217342,226989,,,
217493,226878,,,
217318,226708,,,
217260,226506,,,
217284,225943,,,
217041,225617,,,
216860,225406,,,
216907,224954,,,
216702,224731,,,
216610,224479,,,
216654,224304,,,
216454,224119,,,
216436,223945,,,
216560,223895,,,
216416,223957,,,
216576,224022,,,
216499,224083,,,
216656,224118,,,
216485,224153,,,
216699,224181,,,
216472,224185,,,
216731,224218,,,
216572,224333,,,
216726,224412,,,
216627,224474,,,
216726,224512,,,
216653,224631,,,
216732,224697,,,
216706,224789,,,
216751,224805,,,
216881,224935,,,
216773,224977,,,
216868,225074,,,
216849,225131,,,
216872,225334,,,
217036,225293,,,
216835,225406,,,
216949,225411,,,
217085,225566,,,
216948,225619,,,
217056,225681,,,
217139,225783,,,
217050,225818,,,
217149,225937,,,
217143,226045,,,
217148,226066,,,
217231,226174,,,
217242,226267,,,
217226,226304,,,
217322,226405,,,
217331,226505,,,
217300,226574,,,
217400,226649,,,
217436,226660,,,
217320,226484,,,
217335,226190,,,
217165,225749,,,
217003,225430,,,
216952,225116,,,
216821,224823,,,
216721,224615,,,
216751,224357,,,
216612,224146,,,
216558,224024,,,
216601,223858,,,
216418,223835,,,
216496,223850,,,
216456,223942,,,
216557,224020,,,
216478,224066,,,
216593,224086,,,
216504,224119,,,
216604,224132,,,
216542,224186,,,
216639,224242,,,
216590,224287,,,
216682,224354,,,
216789,224362,,,
216645,224623,,,
216890,224595,,,
216763,224657,,,
216856,224666,,,
216823,224812,,,
216862,224850,,,
217033,224939,,,
216884,224978,,,
216948,225087,,,
216948,225181,,,
216908,225193,,,
217031,225324,,,
217065,225444,,,
217012,225485,,,
217107,225576,,,
217136,225682,,,
217092,225724,,,
217191,225835,,,
217202,225925,,,
217163,225992,,,
217285,226053,,,
217309,226142,,,
217239,226232,,,
217318,226291,,,
217371,226390,,,
217351,226484,,,
217410,226531,,,
217502,226605,,,
217380,226560,,,
217388,226304,,,
217434,225944,,,
217135,225563,,,
217020,225324,,,
217064,224880,,,
216758,224660,,,
216761,224386,,,
216749,224204,,,
216576,224040,,,
216597,223858,,,
216608,223781,,,
216557,223784,,,
216574,223856,,,
216605,223938,,,
216621,223983,,,
216654,224018,,,
216653,224025,,,
216688,224031,,,
216676,224100,,,
216686,224077,,,
216858,224190,,,
216669,224323,,,
216877,224290,,,
216742,224340,,,
216825,224459,,,
216743,224553,,,
216877,224585,,,
216882,224618,,,
216872,224825,,,
217051,224827,,,
216900,224915,,,
216990,224946,,,
217046,225043,,,
216990,225102,,,
217084,225176,,,
217088,225223,,,
217154,225364,,,
217212,225431,,,
217196,225519,,,
217184,225705,,,
217337,225645,,,
217213,225764,,,
217240,225953,,,
217434,225862,,,
217288,225988,,,
217317,226200,,,
217498,226145,,,
217338,226247,,,
217423,226261,,,
217537,226368,,,
217392,226278,,,
217375,226017,,,
217323,225683,,,
217095,225310,,,
217015,224867,,,
217054,224632,,,
216758,224392,,,
216740,224114,,,
216727,223943,,,
216517,223794,,,
216544,223600,,,
216697,223515,,,
216473,223529,,,
216712,223617,,,
216538,223727,,,
216766,223709,,,
216567,223735,,,
216768,223756,,,
216586,223828,,,
216821,223843,,,
216604,224036,,,
216832,224002,,,
216682,224027,,,
216775,224142,,,
216680,224228,,,
216826,224282,,,
216805,224365,,,
216832,224375,,,
216986,224518,,,
216878,224578,,,
216949,224665,,,
216916,224673,,,
216960,224848,,,
217072,224829,,,
217029,224959,,,
217008,225141,,,
217182,225099,,,
217135,225204,,,
217104,225396,,,
217278,225323,,,
217186,225477,,,
217180,225619,,,
217358,225627,,,
217253,225693,,,
217315,225818,,,
217395,225888,,,
217319,225909,,,
217392,226057,,,
217468,226118,,,
217399,226113,,,
217437,226263,,,
217506,226356,,,
217477,226373,,,
217487,226384,,,
217513,226208,,,
217350,225791,,,
217220,225452,,,
217140,225037,,,
216963,224688,,,
216799,224305,,,
216748,224093,,,
216664,223852,,,
216539,223631,,,
216510,223407,,,
216485,223254,,,
216367,223231,,,
216508,223210,,,
216408,223334,,,
216589,223336,,,
216423,223445,,,
216591,223408,,,
216464,223486,,,
216605,223444,,,
216501,223547,,,
216636,223558,,,
216556,223618,,,
216629,223727,,,
216589,223762,,,
216657,223853,,,
216755,223860,,,
216654,224104,,,
216861,224112,,,
216715,224179,,,
216816,224265,,,
216769,224315,,,
216828,224528,,,
217003,224480,,,
216787,224588,,,
216889,224595,,,
217065,224721,,,
216937,224821,,,
216958,225022,,,
217151,224953,,,
217062,225078,,,
217041,225291,,,
217238,225252,,,
217160,225343,,,
217132,225551,,,
217341,225477,,,
217233,225581,,,
217206,225774,,,
217386,225746,,,
217294,225830,,,
217319,225959,,,
217448,225969,,,
217391,226062,,,
217429,226231,,,
217524,226237,,,
217443,226098,,,
217359,225918,,,
217286,225536,,,
217147,225132,,,
216938,224699,,,
216868,224367,,,
216709,224073,,,
216613,223803,,,
216600,223568,,,
216478,223377,,,
216381,223153,,,
216414,222959,,,
216370,222953,,,
216410,222984,,,
216374,223152,,,
216442,223199,,,
216453,223255,,,
216499,223270,,,
216424,223316,,,
216513,223312,,,
216382,223413,,,
216544,223422,,,
216564,223461,,,
216543,223587,,,
216742,223698,,,
216601,223795,,,
216721,223847,,,
216646,223897,,,
216737,224015,,,
216745,224047,,,
216739,224247,,,
216897,224237,,,
216761,224358,,,
216810,224410,,,
216988,224505,,,
216869,224603,,,
216889,224766,,,
217063,224762,,,
216968,224839,,,
216964,225039,,,
217167,224985,,,
217070,225122,,,
217095,225272,,,
217252,225259,,,
217209,225382,,,
217199,225511,,,
217293,225557,,,
217243,225585,,,
217282,225731,,,
217354,225800,,,
217281,225849,,,
217374,226020,,,
217433,226059,,,
217391,225982,,,
217360,225875,,,
217331,225513,,,
217120,225098,,,
217009,224769,,,
216907,224377,,,
216707,223991,,,
216634,223781,,,
216623,223613,,,
216465,223341,,,
216445,223226,,,
216447,223111,,,
216298,223079,,,
216398,223136,,,
216354,223228,,,
216469,223282,,,
216412,223316,,,
216485,223306,,,
216466,223350,,,
216504,223379,,,
216416,223436,,,
216525,223471,,,
216568,223489,,,
216541,223743,,,
216723,223704,,,
216594,223794,,,
216683,223823,,,
216632,223960,,,
216703,224019,,,
216738,224127,,,
216698,224227,,,
216839,224252,,,
216765,224368,,,
216810,224545,,,
216964,224478,,,
216879,224588,,,
216857,224772,,,
217050,224758,,,
216975,224816,,,
216985,224998,,,
217095,225050,,,
217019,225069,,,
217085,225252,,,
217206,225250,,,
217145,225359,,,
217167,225486,,,
217270,225554,,,
217179,225564,,,
217206,225709,,,
217301,225816,,,
217281,225848,,,
217270,225945,,,
217401,225914,,,
217261,225655,,,
217161,225308,,,
217047,224890,,,
216874,224481,,,
216688,224032,,,
216638,223771,,,
216526,223542,,,
216380,223278,,,
216379,223071,,,
216294,222908,,,
216137,222858,,,
216354,222761,,,
216133,222890,,,
216432,222909,,,
216209,223033,,,
216439,222986,,,
216232,223092,,,
216446,223027,,,
216203,223115,,,
216456,223079,,,
216332,223132,,,
216412,223153,,,
216373,223308,,,
216441,223362,,,
216458,223432,,,
216446,223460,,,
216634,223601,,,
216487,223731,,,
216641,223684,,,
216537,223849,,,
216581,223918,,,
216751,223993,,,
216572,224086,,,
216630,224100,,,
216814,224199,,,
216688,224311,,,
216726,224498,,,
216914,224466,,,
216696,224580,,,
216814,224630,,,
216972,224732,,,
216861,224828,,,
216887,225004,,,
217074,224931,,,
216986,225087,,,
216963,225204,,,
217130,225211,,,
217050,225269,,,
217043,225479,,,
217211,225372,,,
217123,225518,,,
217153,225656,,,
217246,225648,,,
217141,225433,,,
217064,225151,,,
216955,224716,,,
216752,224231,,,
216601,223857,,,
216512,223503,,,
216363,223216,,,
216196,222898,,,
216192,222699,,,
216076,222482,,,
215980,222287,,,
216003,222140,,,
215974,222118,,,
216015,222208,,,
215941,222295,,,
216069,222335,,,
216055,222386,,,
216090,222407,,,
216070,222477,,,
216111,222485,,,
216010,222595,,,
216143,222644,,,
216147,222681,,,
216149,222810,,,
216329,222890,,,
216173,222995,,,
216327,223033,,,
216248,223096,,,
216337,223236,,,
216326,223258,,,
216326,223466,,,
216509,223436,,,
216345,223569,,,
216421,223604,,,
216514,223722,,,
216404,223814,,,
216509,223828,,,
216693,223979,,,
216541,224094,,,
216604,224302,,,
216787,224265,,,
216668,224388,,,
216705,224566,,,
216885,224551,,,
216728,224673,,,
216783,224849,,,
216993,224768,,,
216862,224909,,,
216886,225052,,,
217041,225079,,,
216960,225171,,,
216970,225332,,,
217120,225323,,,
217014,225425,,,
217073,225394,,,
217103,225142,,,
216868,224662,,,
216733,224258,,,
216607,223840,,,
216400,223423,,,
216247,223085,,,
216206,222856,,,
216115,222606,,,
215971,222383,,,
215984,222178,,,
215848,222073,,,
215895,222017,,,
215867,222088,,,
215935,222163,,,
215939,222239,,,
215996,222298,,,
215993,222311,,,
216016,222333,,,
216019,222392,,,
216021,222422,,,
216070,222450,,,
216022,222682,,,
216226,222660,,,
216089,222757,,,
216214,222811,,,
216156,222895,,,
216238,222985,,,
216220,223034,,,
216232,223223,,,
216398,223206,,,
216257,223321,,,
216326,223375,,,
216438,223476,,,
216323,223529,,,
216424,223654,,,
216434,223741,,,
216433,223817,,,
216518,223916,,,
216533,224003,,,
216479,224044,,,
216623,224184,,,
216617,224280,,,
216601,224362,,,
216694,224450,,,
216709,224535,,,
216696,224571,,,
216805,224695,,,
216791,224798,,,
216791,224880,,,
216860,224959,,,
216912,225041,,,
216846,225090,,,
216879,224903,,,
216900,224601,,,
216536,224207,,,
216476,223680,,,
216478,223344,,,
216138,223047,,,
216100,222756,,,
216192,222511,,,
215961,222290,,,
215856,222213,,,
215961,221940,,,
215817,221933,,,
215850,221985,,,
215818,222140,,,
215933,222191,,,
215940,222245,,,
215975,222263,,,
215910,222300,,,
215988,222279,,,
215928,222331,,,
216014,222437,,,
215951,222496,,,
216052,222583,,,
216089,222624,,,
216074,222882,,,
216261,222851,,,
216138,222933,,,
216246,222970,,,
216172,223107,,,
216230,223154,,,
216313,223277,,,
216244,223316,,,
216340,223426,,,
216348,223434,,,
216411,223624,,,
216484,223616,,,
216412,223744,,,
216471,223904,,,
216586,223959,,,
216558,224008,,,
216604,224155,,,
216657,224263,,,
216621,224264,,,
216671,224414,,,
216738,224494,,,
216717,224570,,,
216698,224633,,,
216792,224744,,,
216796,224867,,,
216775,224961,,,
216861,224993,,,
216919,225071,,,
216821,225023,,,
216819,224673,,,
216778,224293,,,
216416,223855,,,
216325,223397,,,
216341,222953,,,
216095,222664,,,
215965,222484,,,
216018,222076,,,
215831,221907,,,
215734,221821,,,
215841,221607,,,
215581,221649,,,
215824,221633,,,
215605,221799,,,
215919,221797,,,
215655,221938,,,
215947,221849,,,
215678,221988,,,
215967,221909,,,
215738,222006,,,
215929,222029,,,
215811,222062,,,
215897,222210,,,
215836,222269,,,
215954,222361,,,
215973,222443,,,
215989,222516,,,
216160,222613,,,
215987,222629,,,
216103,222776,,,
216124,222797,,,
216092,223006,,,
216273,223014,,,
216177,223122,,,
216188,223289,,,
216375,223232,,,
216250,223374,,,
216280,223576,,,
216459,223502,,,
216377,223643,,,
216384,223864,,,
216581,223801,,,
216451,223908,,,
216483,224033,,,
216660,224076,,,
216500,224180,,,
216569,224208,,,
216681,224351,,,
216582,224487,,,
216704,224549,,,
216755,224602,,,
216655,224578,,,
216673,224308,,,
216534,223906,,,
216288,223391,,,
216222,222984,,,
216061,222604,,,
215878,222259,,,
215877,222027,,,
215762,221751,,,
215687,221572,,,
215675,221345,,,
215534,221267,,,
215565,221248,,,
215483,221315,,,
215620,221377,,,
215602,221510,,,
215685,221561,,,
215647,221588,,,
215717,221626,,,
215674,221700,,,
215738,221752,,,
215663,221839,,,
215786,221896,,,
215790,221974,,,
215815,222077,,,
215988,222185,,,
215850,222310,,,
216004,222356,,,
215871,222484,,,
215986,222560,,,
216063,222666,,,
216014,222744,,,
216142,222836,,,
216097,222922,,,
216116,223146,,,
216278,223080,,,
216207,223233,,,
216219,223453,,,
216428,223391,,,
216289,223551,,,
216327,223625,,,
216512,223721,,,
216385,223834,,,
216422,224025,,,
216604,223947,,,
216539,224090,,,
216506,224282,,,
216695,224277,,,
216616,224404,,,
216598,224600,,,
216814,224511,,,
216711,224476,,,
216608,224261,,,
216568,223796,,,
216299,223287,,,
216176,222969,,,
216102,222593,,,
215877,222233,,,
215849,222065,,,
215805,221857,,,
215648,221577,,,
215591,221482,,,
215598,221394,,,
215535,221418,,,
215629,221494,,,
215582,221606,,,
215672,221683,,,
215661,221688,,,
215709,221729,,,
215671,221749,,,
215739,221796,,,
215703,221924,,,
215787,221981,,,
215788,222043,,,
215793,222107,,,
215963,222164,,,
215826,222448,,,
216048,222421,,,
215881,222510,,,
216022,222622,,,
215991,222649,,,
215989,222881,,,
216192,222875,,,
216076,222969,,,
216112,223151,,,
216295,223110,,,
216215,223241,,,
216207,223431,,,
216378,223392,,,
216275,223528,,,
216298,223754,,,
216490,223682,,,
216383,223804,,,
216377,223880,,,
216589,223988,,,
216446,224085,,,
216519,224159,,,
216590,224262,,,
216476,224374,,,
216608,224308,,,
216559,224119,,,
216411,223768,,,
216311,223316,,,
216141,222928,,,
215966,222585,,,
215911,222283,,,
215810,222002,,,
215653,221778,,,
215675,221647,,,
215591,221471,,,
215447,221401,,,
215704,221429,,,
215449,221622,,,
215779,221603,,,
215539,221765,,,
215783,221695,,,
215574,221804,,,
215797,221748,,,
215569,221885,,,
215873,221846,,,
215680,221968,,,
215839,221970,,,
215733,222062,,,
215870,222074,,,
215795,222266,,,
215903,222337,,,
215915,222417,,,
215914,222646,,,
216098,222592,,,
215950,222691,,,
216062,222771,,,
216106,222829,,,
216056,223009,,,
216221,223031,,,
216102,223151,,,
216165,223211,,,
216318,223300,,,
216160,223423,,,
216269,223420,,,
216400,223568,,,
216302,223609,,,
216358,223760,,,
216414,223868,,,
216403,223937,,,
216496,224051,,,
216502,224102,,,
216494,224176,,,
216564,224015,,,
216394,223636,,,
216297,223262,,,
216165,222798,,,
215922,222356,,,
215762,222100,,,
215790,221744,,,
215589,221511,,,
215515,221346,,,
215549,221047,,,
215420,220928,,,
215360,220839,,,
215421,220868,,,
215380,220957,,,
215517,221052,,,
215435,221106,,,
215571,221136,,,
215466,221145,,,
215615,221174,,,
215463,221284,,,
215697,221355,,,
215509,221484,,,
215695,221514,,,
215566,221532,,,
215674,221700,,,
215584,221810,,,
215729,221870,,,
215776,221900,,,
215741,222115,,,
215898,222111,,,
215837,222245,,,
215834,222450,,,
216035,222407,,,
215869,222537,,,
215935,222533,,,
216102,222669,,,
215978,222784,,,
216039,222882,,,
216215,222954,,,
216067,223048,,,
216113,223256,,,
216308,223197,,,
216150,223317,,,
216187,223399,,,
216381,223450,,,
216308,223545,,,
216285,223704,,,
216447,223547,,,
216283,223399,,,
216169,223184,,,
216160,222605,,,
215896,222184,,,
215692,221908,,,
215722,221437,,,
215483,221180,,,
215344,220998,,,
215422,220642,,,
215249,220492,,,
215131,220434,,,
215248,220342,,,
215086,220412,,,
215280,220476,,,
215200,220612,,,
215382,220637,,,
215235,220727,,,
215391,220724,,,
215289,220778,,,
215404,220852,,,
215350,220875,,,
215423,221010,,,
215331,221116,,,
215480,221192,,,
215525,221251,,,
215501,221362,,,
215714,221503,,,
215497,221638,,,
215739,221621,,,
215630,221791,,,
215658,222022,,,
215865,221961,,,
215701,222047,,,
215789,222151,,,
215817,222264,,,
215818,222318,,,
215923,222441,,,
215912,222566,,,
215896,222602,,,
216022,222761,,,
216058,222873,,,
216020,222939,,,
216128,223060,,,
216155,223191,,,
216124,223224,,,
216241,223366,,,
216267,223451,,,
216211,223428,,,
216203,223176,,,
216118,222803,,,
215895,222399,,,
215790,222024,,,
215672,221716,,,
215492,221460,,,
215446,221189,,,
215519,221019,,,
215270,220872,,,
215250,220735,,,
215352,220677,,,
215213,220732,,,
215312,220830,,,
215302,220958,,,
215407,221028,,,
215370,221109,,,
215435,221149,,,
215432,221193,,,
215483,221247,,,
215446,221319,,,
215537,221418,,,
215452,221529,,,
215584,221622,,,
215594,221725,,,
215621,221758,,,
215784,221889,,,
215583,222104,,,
215842,222104,,,
215729,222199,,,
215836,222326,,,
215851,222365,,,
215880,222600,,,
216014,222613,,,
215875,222740,,,
215953,222827,,,
216136,222921,,,
216076,223038,,,
216064,223233,,,
216266,223196,,,
216203,223347,,,
216164,223548,,,
216363,223530,,,
216270,223667,,,
216289,223880,,,
216475,223816,,,
216368,223883,,,
216354,223787,,,
216347,223440,,,
216124,223095,,,
216002,222870,,,
216003,222549,,,
215819,222379,,,
215771,222301,,,
215791,222157,,,
215655,221960,,,
215655,221938,,,
215646,221953,,,
215510,222013,,,
215669,222118,,,
215582,222227,,,
215713,222271,,,
215610,222353,,,
215762,222396,,,
215643,222470,,,
215798,222526,,,
215714,222631,,,
215845,222688,,,
215865,222751,,,
215883,222896,,,
216085,223009,,,
215916,223142,,,
216088,223196,,,
216019,223304,,,
216088,223419,,,
216121,223486,,,
216116,223730,,,
216296,223718,,,
216152,223855,,,
216232,223887,,,
216399,224035,,,
216236,224179,,,
216349,224219,,,
216506,224381,,,
216391,224519,,,
216471,224610,,,
216651,224722,,,
216534,224857,,,
216574,224978,,,
216775,225059,,,
216639,225201,,,
216688,225352,,,
216829,225174,,,
216660,224960,,,
216523,224822,,,
216590,224462,,,
216405,224373,,,
216299,224322,,,
216388,224168,,,
216231,224052,,,
216208,224074,,,
216254,223986,,,
216176,223936,,,
216127,223975,,,
216311,224070,,,
216209,224168,,,
216400,224256,,,
216215,224347,,,
216439,224426,,,
216204,224563,,,
216475,224496,,,
216242,224589,,,
216479,224704,,,
216338,224828,,,
216490,224863,,,
216394,224955,,,
216491,225060,,,
216415,225165,,,
216523,225221,,,
216579,225267,,,
216534,225500,,,
216731,225482,,,
216569,225612,,,
216676,225662,,,
216736,225786,,,
216684,225851,,,
216811,225963,,,
216795,226007,,,
216833,226185,,,
216933,226243,,,
216878,226298,,,
216918,226447,,,
217050,226507,,,
216975,226544,,,
217040,226679,,,
217097,226725,,,
217057,226842,,,
217093,226999,,,
217222,226965,,,
217119,226944,,,
217081,226852,,,
217099,226645,,,
216924,226435,,,
216904,226341,,,
216867,226242,,,
216766,226154,,,
216690,226078,,,
216718,226020,,,
216668,225959,,,
216613,225948,,,
216669,225953,,,
216592,226001,,,
216677,226079,,,
216654,226119,,,
216726,226173,,,
216648,226214,,,
216720,226236,,,
216648,226291,,,
216716,226319,,,
216668,226361,,,
216732,226460,,,
216669,226477,,,
216738,226537,,,
216866,226612,,,
216673,226769,,,
216914,226737,,,
216758,226800,,,
216858,226878,,,
216841,226932,,,
216837,227124,,,
217022,227057,,,
216851,227109,,,
216937,227184,,,
216955,227262,,,
216867,227337,,,
216966,227309,,,
217086,227459,,,
216960,227535,,,
217043,227548,,,
217166,227629,,,
217046,227722,,,
217100,227750,,,
217262,227849,,,
217090,227934,,,
217159,228119,,,
217329,228030,,,
217177,228076,,,
217183,228091,,,
217292,227853,,,
217097,227727,,,
217026,227728,,,
217148,227449,,,
216979,227452,,,
216940,227444,,,
217029,227370,,,
216887,227267,,,
216924,227295,,,
216924,227294,,,
216791,227319,,,
216892,227373,,,
216789,227430,,,
216898,227449,,,
216758,227477,,,
216901,227487,,,
216784,227510,,,
216915,227550,,,
216828,227570,,,
216909,227581,,,
216867,227608,,,
216920,227661,,,
216998,227712,,,
216837,227867,,,
217063,227823,,,
216953,227859,,,
217005,227935,,,
216980,228001,,,
216980,228035,,,
217155,228090,,,
216995,228088,,,
217083,228204,,,
217101,228192,,,
217064,228303,,,
217162,228388,,,
217142,228432,,,
217095,228456,,,
217206,228570,,,
217183,228642,,,
217155,228650,,,
217266,228766,,,
217249,228856,,,
217250,228912,,,
217323,228952,,,
217386,229032,,,
217346,229085,,,
217374,229018,,,
217359,228922,,,
217228,228785,,,
217234,228679,,,
217236,228599,,,
217128,228584,,,
217140,228440,,,
217265,228462,,,
217066,228453,,,
217092,228383,,,
217209,228403,,,
217069,228449,,,
217154,228502,,,
217090,228558,,,
217168,228589,,,
217125,228634,,,
217206,228641,,,
217110,228683,,,
217209,228705,,,
217122,228736,,,
217197,228751,,,
217136,228826,,,
217202,228869,,,
217172,228900,,,
217191,228911,,,
217380,229049,,,
217176,229137,,,
217362,229128,,,
217221,229198,,,
217298,229228,,,
217344,229267,,,
217272,229376,,,
217422,229348,,,
217399,229443,,,
217334,229597,,,
217530,229500,,,
217427,229602,,,
217432,229744,,,
217556,229723,,,
217489,229788,,,
217511,229924,,,
217626,229864,,,
217559,229971,,,
217566,230052,,,
217656,229928,,,
217495,229740,,,
217510,229714,,,
217497,229596,,,
217395,229552,,,
217347,229628,,,
217486,229449,,,
217351,229464,,,
217326,229553,,,
217453,229448,,,
217292,229545,,,
217386,229584,,,
217316,229652,,,
217431,229689,,,
217358,229717,,,
217426,229685,,,
217362,229744,,,
217444,229768,,,
217374,229804,,,
217445,229826,,,
217431,229845,,,
217419,229832,,,
217606,229941,,,
217335,230053,,,
217588,230011,,,
217435,230036,,,
217527,230061,,,
217503,230127,,,
217530,230156,,,
217644,230247,,,
217520,230290,,,
217621,230366,,,
217606,230365,,,
217653,230470,,,
217708,230492,,,
217651,230536,,,
217694,230653,,,
217792,230663,,,
217705,230618,,,
217735,230613,,,
217731,230535,,,
217649,230368,,,
217611,230368,,,
217652,230288,,,
217537,230269,,,
217542,230268,,,
217624,230225,,,
217518,230178,,,
217556,230290,,,
217606,230299,,,
217542,230394,,,
217683,230442,,,
217571,230491,,,
217670,230476,,,
217577,230495,,,
217677,230505,,,
217589,230544,,,
217663,230546,,,
217578,230546,,,
217658,230626,,,
217606,230676,,,
217660,230674,,,
217695,230701,,,
217649,230892,,,
217831,230813,,,
217659,230856,,,
217767,230858,,,
217666,230961,,,
217736,230939,,,
217831,231022,,,
217708,231006,,,
217802,231108,,,
217814,231189,,,
217755,231155,,,
217848,231258,,,
217833,231281,,,
217791,231318,,,
217886,231314,,,
217818,231214,,,
217705,231078,,,
217732,230937,,,
217716,230864,,,
217628,230848,,,
217641,230787,,,
217659,230780,,,
217564,230777,,,
217598,230700,,,
217677,230737,,,
217592,230781,,,
217671,230839,,,
217602,230909,,,
217710,230917,,,
217624,230966,,,
217723,230951,,,
217626,230982,,,
217702,230986,,,
217614,231014,,,
217682,231040,,,
217611,231078,,,
217691,231132,,,
217642,231141,,,
217680,231177,,,
217785,231177,,,
217636,231369,,,
217850,231314,,,
217695,231353,,,
217776,231400,,,
217763,231367,,,
217753,231529,,,
217873,231506,,,
217757,231564,,,
217800,231729,,,
217957,231627,,,
217754,231708,,,
217837,231682,,,
217966,231776,,,
217848,231829,,,
217876,231752,,,
217957,231727,,,
217788,231550,,,
217797,231489,,,
217786,231328,,,
217713,231326,,,
217742,231307,,,
217666,231233,,,
217701,231257,,,
217717,231240,,,
217618,231205,,,
217609,231346,,,
217810,231308,,,
217534,231443,,,
217812,231415,,,
217569,231541,,,
217819,231455,,,
217565,231557,,,
217814,231491,,,
217568,231610,,,
217831,231540,,,
217642,231617,,,
217797,231588,,,
217649,231600,,,
217729,231655,,,
217682,231710,,,
217740,231740,,,
217755,231762,,,
217724,231805,,,
217875,231871,,,
217720,231892,,,
217783,231938,,,
217865,231985,,,
217759,232016,,,
217887,232084,,,
217842,232093,,,
217774,232110,,,
217874,232201,,,
217871,232262,,,
217843,232244,,,
217913,232311,,,
217895,232344,,,
217841,232204,,,
217867,232136,,,
217787,232044,,,
217698,231958,,,
217749,231856,,,
217799,231847,,,
217619,231832,,,
217686,231742,,,
217783,231781,,,
217575,231780,,,
217650,231712,,,
217817,231745,,,
217610,231836,,,
217867,231861,,,
217701,231885,,,
217824,231905,,,
217676,231954,,,
217883,231955,,,
217658,231961,,,
217897,231983,,,
217604,232151,,,
217839,232089,,,
217684,232095,,,
217773,232157,,,
217685,232209,,,
217772,232237,,,
217742,232255,,,
217775,232228,,,
217930,232354,,,
217747,232400,,,
217824,232418,,,
217863,232447,,,
217806,232490,,,
217876,232559,,,
217898,232484,,,
217886,232603,,,
217924,232635,,,
217891,232705,,,
217879,232688,,,
217961,232808,,,
217936,232775,,,
217981,232866,,,
218038,232871,,,
217996,232734,,,
217965,232671,,,
217942,232531,,,
217820,232425,,,
217814,232449,,,
217907,232325,,,
217787,232307,,,
217726,232403,,,
217858,232261,,,
217744,232241,,,
217723,232377,,,
217889,232328,,,
217650,232453,,,
217885,232412,,,
217663,232523,,,
217894,232449,,,
217636,232524,,,
217860,232470,,,
217708,232530,,,
217874,232507,,,
217747,232552,,,
217854,232535,,,
217785,232617,,,
217823,232644,,,
217781,232660,,,
217799,232644,,,
217959,232735,,,
217704,232839,,,
217949,232786,,,
217805,232834,,,
217880,232869,,,
217888,232837,,,
217873,232981,,,
217974,232930,,,
217851,233023,,,
217908,233010,,,
218069,233090,,,
217880,233159,,,
217954,233133,,,
218059,233221,,,
217920,233197,,,
218027,233279,,,
217977,233291,,,
217926,233216,,,
217982,233079,,,
217895,232981,,,
217816,232839,,,
217866,232798,,,
217824,232789,,,
217746,232710,,,
217823,232713,,,
217792,232718,,,
217742,232694,,,
217796,232712,,,
217843,232715,,,
217808,232807,,,
217848,232851,,,
217843,232886,,,
217894,232880,,,
217850,232903,,,
217884,232910,,,
217823,232927,,,
217934,232961,,,
217815,232945,,,
217977,233038,,,
217816,233080,,,
217925,233073,,,
217859,233070,,,
217910,233161,,,
217849,233188,,,
217908,233227,,,
217959,233240,,,
217899,233219,,,
217966,233345,,,
217931,233314,,,
217913,233418,,,
218028,233413,,,
217982,233449,,,
218007,233539,,,
218094,233551,,,
218025,233571,,,
218029,233680,,,
218167,233628,,,
218024,233609,,,
218068,233585,,,
218061,233441,,,
217953,233271,,,
217904,233240,,,
217960,233139,,,
217852,233048,,,
217862,233074,,,
217904,233027,,,
217797,232910,,,
217839,232954,,,
217818,232959,,,
217707,233016,,,
217803,233054,,,
217736,233115,,,
217838,233117,,,
217748,233147,,,
217836,233140,,,
217751,233150,,,
217822,233152,,,
217790,233157,,,
217817,233169,,,
217890,233129,,,
217744,233320,,,
217959,233254,,,
217792,233281,,,
217896,233253,,,
217810,233364,,,
217868,233365,,,
217933,233389,,,
217821,233463,,,
217960,233458,,,
217904,233483,,,
217882,233637,,,
218045,233552,,,
217884,233604,,,
217908,233775,,,
218085,233670,,,
217927,233737,,,
217962,233860,,,
218123,233678,,,
217970,233609,,,
217907,233485,,,
217963,233303,,,
217804,233096,,,
217802,233068,,,
217790,232922,,,
217740,232914,,,
217630,232927,,,
217752,232781,,,
217611,232711,,,
217641,232782,,,
217692,232776,,,
217636,232758,,,
217657,232880,,,
217738,232874,,,
217669,232833,,,
217691,232934,,,
217752,232900,,,
217670,232840,,,
217688,232911,,,
217755,232927,,,
217712,232951,,,
217655,232931,,,
217761,233001,,,
217740,233049,,,
217725,233036,,,
217803,233096,,,
217755,233164,,,
217738,233212,,,
217816,233206,,,
217882,233246,,,
217828,233311,,,
217856,233292,,,
217938,233346,,,
217834,233396,,,
217895,233370,,,
217963,233441,,,
217852,233499,,,
217926,233657,,,
218070,233556,,,
217960,233578,,,
217950,233699,,,
218099,233500,,,
217894,233338,,,
217790,233236,,,
217906,232882,,,
217732,232787,,,
217628,232721,,,
217731,232562,,,
217578,232415,,,
217579,232373,,,
217565,232307,,,
217499,232232,,,
217508,232331,,,
217611,232315,,,
217542,232312,,,
217562,232362,,,
217613,232386,,,
217499,232416,,,
217484,232368,,,
217572,232422,,,
217545,232401,,,
217492,232412,,,
217584,232422,,,
217564,232491,,,
217516,232455,,,
217605,232524,,,
217602,232579,,,
217539,232594,,,
217621,232626,,,
217674,232656,,,
217615,232718,,,
217676,232728,,,
217724,232770,,,
217628,232831,,,
217685,232791,,,
217780,232875,,,
217644,232944,,,
217727,232929,,,
217888,232975,,,
217713,233039,,,
217758,233005,,,
217906,233087,,,
217745,233171,,,
217804,233320,,,
217982,233198,,,
217883,233263,,,
217842,233431,,,
218026,233266,,,
217858,233155,,,
217785,233075,,,
217840,232682,,,
217675,232534,,,
217542,232438,,,
217651,232224,,,
217468,232089,,,
217457,232025,,,
217492,231916,,,
217408,231790,,,
217374,231846,,,
217427,231802,,,
217323,231825,,,
217438,231868,,,
217366,231938,,,
217469,231921,,,
217394,231934,,,
217457,231958,,,
217351,231955,,,
217483,231935,,,
217369,231919,,,
217440,231905,,,
217389,232014,,,
217445,232010,,,
217441,232047,,,
217422,232042,,,
217618,232093,,,
217379,232204,,,
217564,232170,,,
217440,232239,,,
217517,232262,,,
217567,232283,,,
217478,232355,,,
217612,232383,,,
217576,232390,,,
217530,232508,,,
217702,232423,,,
217620,232525,,,
217579,232644,,,
217753,232526,,,
217659,232635,,,
217656,232745,,,
217800,232722,,,
217684,232719,,,
217750,232839,,,
217794,232858,,,
217757,232914,,,
217760,233030,,,
217901,232961,,,
217757,232978,,,
217768,232885,,,
217818,232637,,,
217641,232312,,,
217564,232163,,,
217541,231961,,,
217421,231809,,,
217383,231743,,,
217426,231580,,,
217274,231474,,,
217275,231456,,,
217333,231391,,,
217169,231428,,,
217272,231446,,,
217181,231484,,,
217293,231501,,,
217213,231526,,,
217306,231492,,,
217149,231509,,,
217307,231490,,,
217153,231512,,,
217276,231499,,,
217284,231462,,,
217245,231531,,,
217415,231551,,,
217254,231575,,,
217374,231592,,,
217288,231635,,,
217359,231679,,,
217354,231698,,,
217332,231856,,,
217509,231778,,,
217363,231825,,,
217408,231845,,,
217451,231836,,,
217413,231909,,,
217493,231917,,,
217470,231970,,,
217459,232070,,,
217590,232062,,,
217525,232051,,,
217574,232143,,,
217610,232190,,,
217581,232193,,,
217602,232331,,,
217704,232333,,,
217613,232305,,,
217650,232304,,,
217641,232121,,,
217522,231842,,,
217425,231662,,,
217426,231390,,,
217268,231134,,,
217232,231064,,,
217229,230885,,,
217136,230790,,,
217091,230788,,,
217163,230640,,,
217048,230590,,,
217079,230696,,,
217160,230709,,,
217101,230666,,,
217143,230721,,,
217195,230692,,,
217103,230714,,,
217136,230735,,,
217227,230708,,,
217142,230633,,,
217140,230701,,,
217221,230754,,,
217158,230700,,,
217198,230810,,,
217264,230835,,,
217205,230791,,,
217222,230891,,,
217288,230944,,,
217287,230987,,,
217229,230977,,,
217336,231042,,,
217350,231112,,,
217322,231131,,,
217406,231183,,,
217414,231248,,,
217392,231201,,,
217461,231284,,,
217455,231334,,,
217393,231399,,,
217501,231383,,,
217581,231471,,,
217476,231546,,,
217577,231579,,,
217620,231632,,,
217573,231677,,,
217634,231633,,,
217664,231512,,,
217454,231276,,,
217426,230928,,,
217492,230631,,,
217154,230404,,,
217154,230113,,,
217231,229970,,,
216972,229833,,,
216985,229676,,,
217103,229501,,,
216922,229444,,,
216879,229482,,,
217048,229357,,,
216979,229409,,,
216926,229515,,,
217077,229360,,,
216979,229400,,,
216951,229444,,,
217071,229377,,,
216924,229313,,,
216975,229371,,,
217027,229374,,,
216953,229318,,,
217021,229439,,,
217091,229463,,,
217041,229447,,,
217087,229561,,,
217157,229575,,,
217120,229535,,,
217122,229637,,,
217193,229683,,,
217169,229755,,,
217114,229766,,,
217231,229838,,,
217223,229874,,,
217240,229918,,,
217313,229973,,,
217308,230044,,,
217265,230039,,,
217344,230126,,,
217383,230191,,,
217349,230166,,,
217432,230272,,,
217468,230350,,,
217399,230353,,,
217504,230462,,,
217488,230530,,,
217449,230579,,,
217524,230490,,,
217566,230294,,,
217333,230007,,,
217254,229646,,,
217206,229329,,,
216993,229093,,,
216989,228789,,,
217026,228628,,,
216830,228460,,,
216797,228285,,,
216879,228128,,,
216697,228036,,,
216672,228109,,,
216836,228005,,,
216714,228032,,,
216701,228151,,,
216855,227983,,,
216770,228026,,,
216745,228058,,,
216844,228017,,,
216748,227967,,,
216753,228069,,,
216862,228025,,,
216782,228060,,,
216794,228168,,,
216941,228154,,,
216842,228165,,,
216913,228265,,,
216952,228281,,,
216921,228334,,,
216962,228483,,,
217081,228442,,,
216976,228498,,,
217037,228613,,,
217132,228659,,,
217031,228621,,,
217087,228755,,,
217138,228814,,,
217084,228880,,,
217084,228910,,,
217197,229002,,,
217168,229063,,,
217145,229066,,,
217250,229187,,,
217234,229272,,,
217198,229317,,,
217314,229392,,,
217361,229461,,,
217304,229546,,,
217375,229547,,,
217368,229489,,,
217262,229228,,,
217198,228879,,,
217104,228538,,,
216876,228263,,,
216838,227904,,,
216878,227740,,,
216637,227556,,,
216639,227309,,,
216721,227189,,,
216496,227076,,,
216491,226974,,,
216674,227014,,,
216428,227163,,,
216742,227072,,,
216469,227212,,,
216743,227100,,,
216470,227195,,,
216740,227097,,,
216487,227190,,,
216742,227095,,,
216594,227126,,,
216687,227145,,,
216659,227223,,,
216704,227244,,,
216675,227306,,,
216706,227331,,,
216871,227383,,,
216734,227506,,,
216854,227539,,,
216789,227607,,,
216839,227656,,,
216991,227738,,,
216860,227754,,,
216928,227856,,,
216917,227937,,,
216919,227933,,,
216986,228027,,,
216979,228115,,,
216934,228104,,,
217037,228205,,,
217037,228299,,,
217002,228357,,,
217111,228412,,,
217179,228498,,,
217119,228605,,,
217168,228603,,,
217291,228645,,,
217128,228543,,,
217075,228209,,,
217039,227880,,,
216758,227574,,,
216748,227236,,,
216795,227039,,,
216579,226871,,,
216543,226642,,,
216620,226525,,,
216372,226473,,,
216431,226401,,,
216466,226447,,,
216421,226492,,,
216506,226524,,,
216529,226556,,,
216475,226585,,,
216552,226590,,,
216558,226583,,,
216485,226548,,,
216582,226621,,,
216571,226617,,,
216571,226689,,,
216624,226754,,,
216642,226795,,,
216592,226796,,,
216691,226903,,,
216691,227008,,,
216702,227019,,,
216758,227114,,,
216767,227193,,,
216760,227259,,,
216807,227271,,,
216910,227388,,,
216817,227440,,,
216882,227508,,,
216972,227559,,,
216894,227656,,,
216972,227728,,,
216974,227721,,,
217009,227856,,,
217053,227939,,,
217042,227976,,,
217090,228091,,,
217142,227952,,,
216975,227743,,,
216884,227519,,,
216903,227015,,,
216647,226743,,,
216563,226585,,,
216630,226190,,,
216360,226056,,,
216343,225810,,,
216437,225700,,,
216204,225614,,,
216238,225520,,,
216338,225579,,,
216200,225677,,,
216285,225652,,,
216448,225721,,,
216299,225776,,,
216326,225897,,,
216490,225772,,,
216360,225807,,,
216357,225941,,,
216521,225831,,,
216413,225922,,,
216406,226058,,,
216555,226075,,,
216493,226105,,,
216512,226249,,,
216633,226234,,,
216556,226349,,,
216599,226481,,,
216719,226532,,,
216633,226535,,,
216675,226677,,,
216773,226743,,,
216721,226747,,,
216770,226889,,,
216856,226945,,,
216758,226973,,,
216816,227123,,,
216889,227165,,,
216853,227164,,,
216884,227328,,,
216988,227409,,,
216935,227437,,,
216947,227549,,,
217048,227566,,,
216944,227335,,,
216888,227111,,,
216773,226731,,,
216594,226362,,,
216458,225938,,,
216421,225682,,,
216293,225450,,,
216177,225201,,,
216173,224981,,,
216108,224804,,,
215985,224696,,,
216031,224617,,,
215980,224662,,,
216058,224688,,,
216024,224769,,,
216125,224827,,,
216091,224848,,,
216170,224862,,,
216121,224898,,,
216188,224913,,,
216105,224955,,,
216216,224999,,,
216221,225031,,,
216239,225244,,,
216400,225209,,,
216246,225272,,,
216388,225322,,,
216343,225463,,,
216417,225550,,,
216407,225592,,,
216408,225786,,,
216597,225739,,,
216446,225851,,,
216498,225859,,,
216655,225980,,,
216534,226042,,,
216629,226145,,,
216634,226213,,,
216595,226266,,,
216699,226359,,,
216695,226460,,,
216663,226522,,,
216776,226597,,,
216821,226700,,,
216791,226714,,,
216854,226864,,,
216890,226850,,,
216887,226844,,,
216879,226645,,,
216713,226231,,,
216610,225894,,,
216520,225536,,,
216336,225186,,,
216272,224982,,,
216282,224694,,,
216101,224466,,,
215979,224351,,,
216089,224102,,,
215940,224027,,,
215952,224021,,,
215998,224085,,,
216009,224164,,,
216088,224216,,,
216063,224281,,,
216156,224299,,,
216083,224301,,,
216232,224337,,,
216120,224376,,,
216306,224493,,,
216082,224612,,,
216295,224605,,,
216184,224688,,,
216281,224685,,,
216221,224869,,,
216299,224918,,,
216389,224931,,,
216273,225202,,,
216497,225161,,,
216358,225276,,,
216448,225334,,,
216517,225415,,,
216453,225477,,,
216577,225583,,,
216529,225603,,,
216600,225768,,,
216666,225834,,,
216622,225852,,,
216603,225960,,,
216710,226028,,,
216700,226144,,,
216700,226144,,,
216788,226290,,,
216787,226409,,,
216802,226411,,,
216886,226546,,,
216893,226621,,,
216859,226556,,,
216849,226314,,,
216807,225986,,,
216551,225635,,,
216496,225230,,,
216493,224971,,,
216230,224761,,,
216219,224500,,,
216282,224333,,,
216080,224154,,,
216048,224163,,,
216178,223934,,,
216091,224029,,,
216044,224225,,,
216248,224143,,,
216182,224236,,,
216119,224310,,,
216266,224253,,,
216218,224242,,,
216231,224350,,,
216272,224340,,,
216175,224408,,,
216235,224539,,,
216376,224478,,,
216337,224598,,,
216301,224750,,,
216460,224749,,,
216409,224746,,,
216435,224907,,,
216512,224988,,,
216467,225055,,,
216488,225176,,,
216601,225177,,,
216537,225276,,,
216560,225423,,,
216695,225448,,,
216633,225435,,,
216668,225566,,,
216710,225633,,,
216643,225706,,,
216675,225797,,,
216768,225888,,,
216750,225917,,,
216725,226010,,,
216858,226111,,,
216850,226228,,,
216821,226259,,,
216903,226269,,,
216860,226161,,,
216772,225897,,,
216700,225500,,,
216597,225153,,,
216401,224833,,,
216353,224505,,,
216347,224285,,,
216128,224079,,,
216110,223883,,,
216209,223704,,,
216006,223608,,,
216030,223559,,,
215949,223620,,,
216100,223694,,,
216099,223765,,,
216149,223805,,,
216156,223829,,,
216196,223854,,,
216185,223877,,,
216225,223923,,,
216210,223955,,,
216216,224005,,,
216401,224114,,,
216238,224222,,,
216422,224235,,,
216315,224316,,,
216390,224435,,,
216398,224481,,,
216414,224522,,,
216579,224635,,,
216380,224740,,,
216537,224805,,,
216565,224810,,,
216532,225010,,,
216706,224991,,,
216630,225092,,,
216641,225246,,,
216767,225296,,,
216675,225316,,,
216772,225464,,,
216830,225539,,,
216772,225600,,,
216842,225739,,,
216961,225737,,,
216861,225823,,,
216919,225959,,,
217020,226021,,,
216929,226041,,,
216992,226155,,,
217074,226258,,,
217001,226255,,,
217051,226391,,,
217153,226409,,,
217033,226313,,,
217045,226086,,,
216960,225670,,,
216751,225267,,,
216601,224956,,,
216622,224499,,,
216425,224240,,,
216281,224078,,,
216368,223681,,,
216188,223514,,,
216138,223398,,,
216170,223242,,,
215939,223239,,,
216093,223292,,,
216011,223360,,,
216165,223388,,,
216091,223439,,,
216187,223453,,,
216137,223478,,,
216223,223495,,,
216200,223554,,,
216219,223568,,,
216384,223677,,,
216186,223786,,,
216416,223788,,,
216268,223826,,,
216385,223993,,,
216354,224054,,,
216404,224093,,,
216540,224224,,,
216391,224254,,,
216560,224361,,,
216495,224433,,,
216519,224593,,,
216675,224580,,,
216601,224679,,,
216591,224860,,,
216799,224803,,,
216673,224906,,,
216676,225120,,,
216879,225032,,,
216763,225185,,,
216824,225314,,,
216912,225370,,,
216861,225382,,,
216920,225534,,,
216990,225618,,,
216927,225654,,,
216992,225836,,,
217084,225843,,,
216993,225865,,,
217083,225985,,,
217111,226084,,,
217149,226164,,,
217084,226214,,,
217190,226245,,,
217148,226158,,,
217016,225776,,,
216970,225448,,,
216817,225048,,,
216620,224676,,,
216575,224361,,,
216539,224065,,,
216336,223831,,,
216310,223512,,,
216362,223364,,,
216103,223211,,,
216179,223118,,,
216122,223137,,,
216202,223172,,,
216106,223258,,,
216247,223320,,,
216160,223366,,,
216270,223377,,,
216240,223415,,,
216313,223459,,,
216241,223487,,,
216346,223539,,,
216341,223581,,,
216355,223681,,,
216539,223751,,,
216389,223868,,,
216520,223888,,,
216446,223945,,,
216527,224060,,,
216511,224090,,,
216516,224289,,,
216711,224294,,,
216547,224407,,,
216618,224424,,,
216763,224539,,,
216599,224655,,,
216704,224685,,,
216877,224782,,,
216741,224903,,,
216774,224964,,,
216967,225052,,,
216820,225158,,,
216866,225363,,,
217039,225303,,,
216940,225394,,,
216945,225570,,,
217138,225522,,,
217017,225643,,,
217035,225786,,,
217187,225730,,,
217122,225857,,,
217146,226027,,,
217261,226060,,,
217200,226053,,,
217217,226116,,,
217224,225944,,,
217098,225638,,,
216904,225197,,,
216864,224851,,,
216727,224464,,,
216575,224206,,,
216540,223926,,,
216418,223689,,,
216304,223426,,,
216335,223274,,,
216263,223161,,,
216117,223188,,,
216422,223101,,,
216174,223324,,,
216466,223299,,,
216234,223451,,,
216503,223388,,,
216271,223496,,,
216511,223448,,,
216269,223562,,,
216531,223520,,,
216390,223567,,,
216493,223631,,,
216431,223698,,,
216502,223800,,,
216452,223857,,,
216535,223941,,,
216639,223971,,,
216536,224182,,,
216720,224159,,,
216638,224305,,,
216656,224392,,,
216827,224446,,,
216670,224527,,,
216739,224554,,,
216872,224694,,,
216676,224797,,,
216795,224851,,,
216981,224917,,,
216901,225034,,,
216890,225234,,,
217086,225161,,,
217000,225289,,,
216986,225494,,,
217182,225444,,,
217088,225563,,,
217062,225714,,,
217234,225723,,,
217196,225759,,,
217188,225915,,,
217308,225971,,,
217260,226017,,,
217286,226157,,,
217405,226190,,,
217352,226191,,,
217341,226167,,,
217313,225933,,,
217137,225561,,,
216952,225094,,,
216905,224799,,,
216751,224487,,,
216625,224160,,,
216600,223944,,,
216540,223743,,,
216424,223561,,,
216393,223339,,,
216469,223284,,,
216290,223319,,,
216357,223345,,,
216547,223449,,,
216390,223522,,,
216442,223648,,,
216595,223555,,,
216399,223593,,,
216465,223729,,,
216627,223619,,,
216506,223692,,,
216511,223873,,,
216690,223755,,,
216564,223888,,,
216561,224065,,,
216735,224043,,,
216666,224128,,,
216705,224265,,,
216796,224315,,,
216747,224289,,,
216760,224431,,,
216826,224515,,,
216778,224547,,,
216820,224672,,,
216890,224784,,,
216849,224818,,,
216868,224898,,,
216944,224984,,,
216924,225105,,,
216953,225155,,,
217035,225244,,,
217006,225354,,,
217027,225460,,,
217106,225528,,,
217189,225600,,,
217093,225708,,,
217186,225695,,,
217320,225824,,,
217166,225921,,,
217250,226106,,,
217426,226062,,,
217332,226154,,,
